hashVal,fileName
8205543474ed553b907a8c2b6556aae1,bitcoin_logo.gif
93cb154ec68ac8a344fb081cceb7fb5e,bitcoin_logo.jpg
d2e77d5738c0dc689b8dad53cc72f9c9,bitcoin_logo.png
51758db03ba58055589f697657d8bb10,img_130.jpg
b9f839ca4354ba91b29d699fb4e3223d,img_135.jpg
e40460e290998a5416651fdcfd13d293,img_140.jpg
6e9429828192cc4c87c6fcea35a7ec3b,img_141.jpg
18fd62dd67b3521485d1168ab7ce029a,img_141.png
e76840f3646abfe9cba405d15cd7e6c0,img_158.jpg
df6285b849c60ab663be8e3104561451,img_160.jpg
5129c0a6c882ef2e0dbf919748cf68ab,img_163.jpg
168d7605f8c78ee6ab6f2b76496ba118,img_18.jpg
8e6a302f26ab6ad0dac5d564b1945540,img_197.jpg
0af45de4c45bbc12f18f54dfbe87e900,img_198.jpg
e40460e290998a5416651fdcfd13d293,img_203.jpg
3c542cdc25e1c4badfc03b988ea5ebde,img_209.jpg
e04a94dc85b2c86fc38ef0a9e2570e17,img_230.jpg
eca12c3cc466b4a8b33abed67d0419c9,img_247.jpg
39e9045bf66eaa010f31fcbe2db3b032,img_254.jpg
642d0e9a1e3e61f05eafd27d0db3dae0,img_255.jpg
b0c431f5be4e63e615f2abce4598eff6,img_269.jpg
02d3752330b06dadc21a27a6ecb71aa0,img_278.jpg
4f8109f686e934079b6acab81386d12f,img_300.jpg
6db5c9989674de60f405ce3d3fdf9862,img_352.jpg
817878a357a3ff35f08f552c207ab796,img_356.jpg
60abe48603820e667c6f77a18fe4ed88,img_367.jpg
cf87e551c10eeece615ab6074fe8f691,img_372.jpg
332e8af5262f9d921962fc57c5e79e6a,img_381.jpg
1d2e87df44be27663b37fb4f75766ec8,img_389.jpg
0dab795ee48daa51acf5e5c3f0643483,img_391.jpg
3b7fc6ef8ed378e9397866895adf0369,img_392.jpg
4e3f970b74168df8d90107795b37aaa2,img_393.jpg
263093f0d490ffc00db22b61977ffbdb,img_397.jpg
c5053f9aec4ae5502e8a0db0c69f3d35,img_407.jpg
31c4e5cece80a1dd44e3ec9a68b0d7de,img_408.jpg
b52f3099f202351115f3287964664e00,img_414.jpg
77946d821c2812603a19244d3cc2cee3,img_416.jpg
210d81cccb765d5066ad1c4f6e07761b,img_422.jpg
716d4fc046a6232a3eea16591f1e49fc,img_423.jpg
5d37660b059fcb7cfcdafbac2286c8c7,img_426.jpg
77946d821c2812603a19244d3cc2cee3,img_427.jpg
a694d5fdb84d0b59d0c00fd1dc90cbf0,img_429.jpg
b52f3099f202351115f3287964664e00,img_432.jpg
566acdbc5cde374e8c52e1f3ec34df40,img_445.jpg
a7f8de5cb16bc1e4a8a145f68e44e13c,img_463.jpg
2478922dfb6645b1e5bcad2f1fb45983,img_488.jpg
afb7bae671265842cbfc27e628da599b,img_491.jpg
66d934226fc3a637a58ede77a28f90be,img_499.jpg
2c803629e29ed3fc566a411a9cd97608,img_501.jpg
ed895ad643b120afe81d120507fcfabf,img_517.jpg
8fc0f526c5c3b83308e4f1fb92a550c9,img_521.jpg
5bcaf0038c80a070e7bc475c30b1c1f8,img_523.jpg
ce8070d8a53d13fb0237145279f03f01,img_534.jpg
33c1337b12272247281cb5f87b50d492,img_552.jpg
9da3395e2ea808e5d26a699cd6270a37,img_561.jpg
79bd3c389ab03e442a094f124c745eea,img_576.jpg
d0f757920a84661ee274a3b70f13cac6,img_581.jpg
0793709f87118cf1214c792f0c5892cd,img_582.jpg
41057fc143a5d1a3a11408424f6a6061,img_607.jpg
d18b9e60002a6d40d011066762bfa400,img_630.jpg
8bbcd981b11f8abd57b010dff7e47237,img_65.jpg
45f538e635ea9aef4432d54602b17c2f,img_665.jpg
2fa50278b75ea6d2f8a827c0d7e55408,img_690.jpg
815c1f3d0dd84efac80a7564934a2570,img_701.jpg
32e902dbed47ce314cd8f49d39592f8f,img_72.jpg
9a8dbf6af9df6d9a811c7c439525833e,img_726.jpg
8a87bd14f365e46b1a27fd17a7e3f4ec,img_727.jpg
85af248a2aa9529481a664528711db69,img_733.jpg
9deace0ee5986962e4e0068ca777bc59,img_741.jpg
4f9466c404648526ac7f56197208aedf,img_743.jpg
d1d40b6124a467d9071b279fd627eb11,img_770.jpg
907e233f3d6005907801675b8c41843b,img_782.jpg
cff866417a1cdcdcde6bc46286205a1f,img_805.jpg
a600d238c445b6e70025a3dfd79cff90,img_814.jpg
4b748222849f954eafcfd1c7797ed4b6,img_822.jpg
0c0a9a2d9294ec6a218e48dc02229dd2,img_827.jpg
2224f50cfd9321cce3b1ee331a0c1ed0,img_828.jpg
2e802ed80cce3e34a544605942759428,img_843.jpg
2eb58b987721fbe35a02afbd86176e5a,img_845.jpg
d773d84d1e9eeb517e6ea9afe65cc027,img_854.jpg
9b4548a532f96ac40c1e27fe6861d571,img_881.jpg
5fcbe5cfb82646421fce23c25c42ed8a,img_882.jpg
2307761176b5e5aba2490b8a4067660e,img_90.jpg
eb469a14de2f9c98d333b6dc895f5ef9,img_930.jpg